subject,model,model_method,method,k,accuracy,accuracy_drop,full_channels_acc,retention_rate
S001,Baseline_ARNN,Baseline_ARNN-ES,ES,10,0.8968253968253967,-0.0714285714285712,0.8253968253968255,108.65384615384615
S001,Baseline_ARNN,Baseline_ARNN-ES,ES,15,0.8095238095238096,0.0158730158730158,0.8253968253968255,98.07692307692308
S001,Baseline_ARNN,Baseline_ARNN-ES,ES,20,0.8095238095238096,0.0158730158730158,0.8253968253968255,98.07692307692308
S001,Baseline_ARNN,Baseline_ARNN-ES,ES,25,0.8015873015873015,0.0238095238095239,0.8253968253968255,97.1153846153846
S001,Baseline_ARNN,Baseline_ARNN-ES,ES,30,0.8095238095238094,0.015873015873016,0.8253968253968255,98.07692307692307
S001,Baseline_ARNN,Baseline_ARNN-AS,AS,10,0.8531746031746033,-0.0277777777777777,0.8253968253968255,103.36538461538463
S001,Baseline_ARNN,Baseline_ARNN-AS,AS,15,0.8253968253968255,0.0,0.8253968253968255,100.0
S001,Baseline_ARNN,Baseline_ARNN-AS,AS,20,0.8095238095238094,0.015873015873016,0.8253968253968255,98.07692307692307
S001,Baseline_ARNN,Baseline_ARNN-AS,AS,25,0.7817460317460317,0.0436507936507937,0.8253968253968255,94.71153846153845
S001,Baseline_ARNN,Baseline_ARNN-AS,AS,30,0.8015873015873017,0.0238095238095237,0.8253968253968255,97.11538461538463
S002,Baseline_ARNN,Baseline_ARNN-ES,ES,10,0.7182539682539684,0.0952380952380952,0.8134920634920636,88.29268292682927
S002,Baseline_ARNN,Baseline_ARNN-ES,ES,15,0.75,0.0634920634920636,0.8134920634920636,92.1951219512195
S002,Baseline_ARNN,Baseline_ARNN-ES,ES,20,0.746031746031746,0.0674603174603175,0.8134920634920636,91.70731707317073
S002,Baseline_ARNN,Baseline_ARNN-ES,ES,25,0.7698412698412699,0.0436507936507937,0.8134920634920636,94.6341463414634
S002,Baseline_ARNN,Baseline_ARNN-ES,ES,30,0.7619047619047619,0.0515873015873017,0.8134920634920636,93.65853658536584
S002,Baseline_ARNN,Baseline_ARNN-AS,AS,10,0.7420634920634921,0.0714285714285715,0.8134920634920636,91.21951219512195
S002,Baseline_ARNN,Baseline_ARNN-AS,AS,15,0.7222222222222222,0.0912698412698413,0.8134920634920636,88.78048780487804
S002,Baseline_ARNN,Baseline_ARNN-AS,AS,20,0.7777777777777777,0.0357142857142859,0.8134920634920636,95.60975609756095
S002,Baseline_ARNN,Baseline_ARNN-AS,AS,25,0.7777777777777778,0.0357142857142858,0.8134920634920636,95.60975609756096
S002,Baseline_ARNN,Baseline_ARNN-AS,AS,30,0.7261904761904763,0.0873015873015873,0.8134920634920636,89.26829268292683
S005,Baseline_ARNN,Baseline_ARNN-ES,ES,10,0.8293650793650794,0.0079365079365079,0.8373015873015873,99.0521327014218
S005,Baseline_ARNN,Baseline_ARNN-ES,ES,15,0.8492063492063493,-0.0119047619047619,0.8373015873015873,101.4218009478673
S005,Baseline_ARNN,Baseline_ARNN-ES,ES,20,0.8373015873015873,0.0,0.8373015873015873,100.0
S005,Baseline_ARNN,Baseline_ARNN-ES,ES,25,0.873015873015873,-0.0357142857142857,0.8373015873015873,104.26540284360189
S005,Baseline_ARNN,Baseline_ARNN-ES,ES,30,0.8412698412698413,-0.0039682539682539,0.8373015873015873,100.4739336492891
S005,Baseline_ARNN,Baseline_ARNN-AS,AS,10,0.8452380952380952,-0.0079365079365079,0.8373015873015873,100.94786729857819
S005,Baseline_ARNN,Baseline_ARNN-AS,AS,15,0.8452380952380953,-0.007936507936508,0.8373015873015873,100.9478672985782
S005,Baseline_ARNN,Baseline_ARNN-AS,AS,20,0.873015873015873,-0.0357142857142857,0.8373015873015873,104.26540284360189
S005,Baseline_ARNN,Baseline_ARNN-AS,AS,25,0.8492063492063492,-0.0119047619047618,0.8373015873015873,101.4218009478673
S005,Baseline_ARNN,Baseline_ARNN-AS,AS,30,0.8531746031746033,-0.0158730158730159,0.8373015873015873,101.89573459715639
S006,Baseline_ARNN,Baseline_ARNN-ES,ES,10,0.7579365079365079,0.0079365079365079,0.7658730158730158,98.9637305699482
S006,Baseline_ARNN,Baseline_ARNN-ES,ES,15,0.7658730158730158,0.0,0.7658730158730158,100.0
S006,Baseline_ARNN,Baseline_ARNN-ES,ES,20,0.8650793650793651,-0.0992063492063493,0.7658730158730158,112.95336787564769
S006,Baseline_ARNN,Baseline_ARNN-ES,ES,25,0.8650793650793651,-0.0992063492063493,0.7658730158730158,112.95336787564769
S006,Baseline_ARNN,Baseline_ARNN-ES,ES,30,0.8373015873015873,-0.0714285714285715,0.7658730158730158,109.32642487046633
S006,Baseline_ARNN,Baseline_ARNN-AS,AS,10,0.8134920634920636,-0.0476190476190477,0.7658730158730158,106.2176165803109
S006,Baseline_ARNN,Baseline_ARNN-AS,AS,15,0.761904761904762,0.0039682539682538,0.7658730158730158,99.48186528497412
S006,Baseline_ARNN,Baseline_ARNN-AS,AS,20,0.7857142857142857,-0.0198412698412698,0.7658730158730158,102.59067357512954
S006,Baseline_ARNN,Baseline_ARNN-AS,AS,25,0.7976190476190476,-0.0317460317460317,0.7658730158730158,104.14507772020724
S006,Baseline_ARNN,Baseline_ARNN-AS,AS,30,0.8412698412698413,-0.0753968253968254,0.7658730158730158,109.84455958549223
S007,Baseline_ARNN,Baseline_ARNN-ES,ES,10,0.8928571428571429,0.0079365079365077,0.9007936507936508,99.11894273127754
S007,Baseline_ARNN,Baseline_ARNN-ES,ES,15,0.9047619047619048,-0.003968253968254,0.9007936507936508,100.44052863436124
S007,Baseline_ARNN,Baseline_ARNN-ES,ES,20,0.9206349206349206,-0.0198412698412698,0.9007936507936508,102.20264317180616
S007,Baseline_ARNN,Baseline_ARNN-ES,ES,25,0.9563492063492064,-0.0555555555555556,0.9007936507936508,106.16740088105728
S007,Baseline_ARNN,Baseline_ARNN-ES,ES,30,0.9126984126984128,-0.0119047619047619,0.9007936507936508,101.32158590308372
S007,Baseline_ARNN,Baseline_ARNN-AS,AS,10,0.9206349206349206,-0.0198412698412698,0.9007936507936508,102.20264317180616
S007,Baseline_ARNN,Baseline_ARNN-AS,AS,15,0.9246031746031744,-0.0238095238095238,0.9007936507936508,102.64317180616737
S007,Baseline_ARNN,Baseline_ARNN-AS,AS,20,0.9444444444444444,-0.0436507936507938,0.9007936507936508,104.84581497797356
S007,Baseline_ARNN,Baseline_ARNN-AS,AS,25,0.9285714285714284,-0.0277777777777777,0.9007936507936508,103.08370044052862
S007,Baseline_ARNN,Baseline_ARNN-AS,AS,30,0.9325396825396824,-0.0317460317460317,0.9007936507936508,103.52422907488985
S008,Baseline_ARNN,Baseline_ARNN-ES,ES,10,0.9007936507936508,0.0238095238095237,0.9246031746031744,97.42489270386268
S008,Baseline_ARNN,Baseline_ARNN-ES,ES,15,0.9007936507936508,0.0238095238095237,0.9246031746031744,97.42489270386268
S008,Baseline_ARNN,Baseline_ARNN-ES,ES,20,0.9206349206349206,0.0039682539682539,0.9246031746031744,99.57081545064379
S008,Baseline_ARNN,Baseline_ARNN-ES,ES,25,0.9166666666666666,0.0079365079365079,0.9246031746031744,99.14163090128757
S008,Baseline_ARNN,Baseline_ARNN-ES,ES,30,0.9087301587301588,0.0158730158730158,0.9246031746031744,98.28326180257514
S008,Baseline_ARNN,Baseline_ARNN-AS,AS,10,0.8968253968253969,0.0277777777777776,0.9246031746031744,96.99570815450646
S008,Baseline_ARNN,Baseline_ARNN-AS,AS,15,0.9007936507936508,0.0238095238095237,0.9246031746031744,97.42489270386268
S008,Baseline_ARNN,Baseline_ARNN-AS,AS,20,0.8928571428571428,0.0317460317460317,0.9246031746031744,96.56652360515022
S008,Baseline_ARNN,Baseline_ARNN-AS,AS,25,0.9047619047619048,0.0198412698412697,0.9246031746031744,97.8540772532189
S008,Baseline_ARNN,Baseline_ARNN-AS,AS,30,0.8769841269841271,0.0476190476190474,0.9246031746031744,94.84978540772535
S011,Baseline_ARNN,Baseline_ARNN-ES,ES,10,0.7777777777777777,0.0198412698412698,0.7976190476190476,97.51243781094527
S011,Baseline_ARNN,Baseline_ARNN-ES,ES,15,0.7857142857142857,0.0119047619047618,0.7976190476190476,98.50746268656717
S011,Baseline_ARNN,Baseline_ARNN-ES,ES,20,0.7896825396825397,0.0079365079365079,0.7976190476190476,99.00497512437812
S011,Baseline_ARNN,Baseline_ARNN-ES,ES,25,0.8174603174603176,-0.0198412698412699,0.7976190476190476,102.48756218905474
S011,Baseline_ARNN,Baseline_ARNN-ES,ES,30,0.8134920634920636,-0.015873015873016,0.7976190476190476,101.99004975124379
S011,Baseline_ARNN,Baseline_ARNN-AS,AS,10,0.7698412698412698,0.0277777777777777,0.7976190476190476,96.51741293532338
S011,Baseline_ARNN,Baseline_ARNN-AS,AS,15,0.7857142857142857,0.0119047619047618,0.7976190476190476,98.50746268656717
S011,Baseline_ARNN,Baseline_ARNN-AS,AS,20,0.8095238095238094,-0.0119047619047618,0.7976190476190476,101.49253731343283
S011,Baseline_ARNN,Baseline_ARNN-AS,AS,25,0.8214285714285715,-0.0238095238095239,0.7976190476190476,102.98507462686568
S011,Baseline_ARNN,Baseline_ARNN-AS,AS,30,0.8134920634920634,-0.0158730158730158,0.7976190476190476,101.99004975124377
S014,Baseline_ARNN,Baseline_ARNN-ES,ES,10,0.8253968253968255,0.0555555555555554,0.8809523809523809,93.6936936936937
S014,Baseline_ARNN,Baseline_ARNN-ES,ES,15,0.8492063492063492,0.0317460317460317,0.8809523809523809,96.3963963963964
S014,Baseline_ARNN,Baseline_ARNN-ES,ES,20,0.8650793650793651,0.0158730158730158,0.8809523809523809,98.1981981981982
S014,Baseline_ARNN,Baseline_ARNN-ES,ES,25,0.8412698412698413,0.0396825396825396,0.8809523809523809,95.4954954954955
S014,Baseline_ARNN,Baseline_ARNN-ES,ES,30,0.884920634920635,-0.003968253968254,0.8809523809523809,100.45045045045046
S014,Baseline_ARNN,Baseline_ARNN-AS,AS,10,0.8015873015873015,0.0793650793650794,0.8809523809523809,90.99099099099098
S014,Baseline_ARNN,Baseline_ARNN-AS,AS,15,0.8293650793650794,0.0515873015873015,0.8809523809523809,94.14414414414415
S014,Baseline_ARNN,Baseline_ARNN-AS,AS,20,0.876984126984127,0.0039682539682539,0.8809523809523809,99.54954954954955
S014,Baseline_ARNN,Baseline_ARNN-AS,AS,25,0.873015873015873,0.0079365079365079,0.8809523809523809,99.09909909909909
S014,Baseline_ARNN,Baseline_ARNN-AS,AS,30,0.8571428571428571,0.0238095238095238,0.8809523809523809,97.29729729729729
S015,Baseline_ARNN,Baseline_ARNN-ES,ES,10,0.8492063492063492,0.0515873015873015,0.9007936507936508,94.27312775330397
S015,Baseline_ARNN,Baseline_ARNN-ES,ES,15,0.9087301587301588,-0.007936507936508,0.9007936507936508,100.88105726872247
S015,Baseline_ARNN,Baseline_ARNN-ES,ES,20,0.8809523809523809,0.0198412698412697,0.9007936507936508,97.79735682819383
S015,Baseline_ARNN,Baseline_ARNN-ES,ES,25,0.8888888888888888,0.0119047619047618,0.9007936507936508,98.67841409691628
S015,Baseline_ARNN,Baseline_ARNN-ES,ES,30,0.873015873015873,0.0277777777777776,0.9007936507936508,96.91629955947137
S015,Baseline_ARNN,Baseline_ARNN-AS,AS,10,0.876984126984127,0.0238095238095237,0.9007936507936508,97.3568281938326
S015,Baseline_ARNN,Baseline_ARNN-AS,AS,15,0.8849206349206349,0.0158730158730158,0.9007936507936508,98.23788546255507
S015,Baseline_ARNN,Baseline_ARNN-AS,AS,20,0.888888888888889,0.0119047619047617,0.9007936507936508,98.6784140969163
S015,Baseline_ARNN,Baseline_ARNN-AS,AS,25,0.9007936507936508,0.0,0.9007936507936508,100.0
S015,Baseline_ARNN,Baseline_ARNN-AS,AS,30,0.8849206349206349,0.0158730158730158,0.9007936507936508,98.23788546255507
S016,Baseline_ARNN,Baseline_ARNN-ES,ES,10,0.8134920634920636,0.0396825396825396,0.8531746031746033,95.34883720930233
S016,Baseline_ARNN,Baseline_ARNN-ES,ES,15,0.8055555555555555,0.0476190476190477,0.8531746031746033,94.41860465116278
S016,Baseline_ARNN,Baseline_ARNN-ES,ES,20,0.8373015873015873,0.0158730158730159,0.8531746031746033,98.13953488372093
S016,Baseline_ARNN,Baseline_ARNN-ES,ES,25,0.8055555555555557,0.0476190476190475,0.8531746031746033,94.4186046511628
S016,Baseline_ARNN,Baseline_ARNN-ES,ES,30,0.8571428571428572,-0.0039682539682539,0.8531746031746033,100.46511627906976
S016,Baseline_ARNN,Baseline_ARNN-AS,AS,10,0.8214285714285715,0.0317460317460317,0.8531746031746033,96.27906976744185
S016,Baseline_ARNN,Baseline_ARNN-AS,AS,15,0.8571428571428572,-0.0039682539682539,0.8531746031746033,100.46511627906976
S016,Baseline_ARNN,Baseline_ARNN-AS,AS,20,0.8253968253968255,0.0277777777777777,0.8531746031746033,96.74418604651163
S016,Baseline_ARNN,Baseline_ARNN-AS,AS,25,0.8373015873015873,0.0158730158730159,0.8531746031746033,98.13953488372093
S016,Baseline_ARNN,Baseline_ARNN-AS,AS,30,0.7857142857142857,0.0674603174603175,0.8531746031746033,92.09302325581395
S001,Adaptive_ARNN,Adaptive_ARNN-ES,ES,10,0.7420634920634921,0.0873015873015873,0.8293650793650794,89.47368421052632
S001,Adaptive_ARNN,Adaptive_ARNN-ES,ES,15,0.7698412698412698,0.0595238095238096,0.8293650793650794,92.82296650717701
S001,Adaptive_ARNN,Adaptive_ARNN-ES,ES,20,0.7420634920634921,0.0873015873015873,0.8293650793650794,89.47368421052632
S001,Adaptive_ARNN,Adaptive_ARNN-ES,ES,25,0.75,0.0793650793650794,0.8293650793650794,90.43062200956938
S001,Adaptive_ARNN,Adaptive_ARNN-ES,ES,30,0.7579365079365079,0.0714285714285715,0.8293650793650794,91.38755980861242
S001,Adaptive_ARNN,Adaptive_ARNN-AS,AS,10,0.746031746031746,0.0833333333333333,0.8293650793650794,89.95215311004785
S001,Adaptive_ARNN,Adaptive_ARNN-AS,AS,15,0.8214285714285715,0.0079365079365079,0.8293650793650794,99.04306220095694
S001,Adaptive_ARNN,Adaptive_ARNN-AS,AS,20,0.7420634920634921,0.0873015873015873,0.8293650793650794,89.47368421052632
S001,Adaptive_ARNN,Adaptive_ARNN-AS,AS,25,0.7619047619047619,0.0674603174603175,0.8293650793650794,91.86602870813397
S001,Adaptive_ARNN,Adaptive_ARNN-AS,AS,30,0.75,0.0793650793650794,0.8293650793650794,90.43062200956938
S001,Adaptive_ARNN,Adaptive_ARNN-GS,GS,10,0.8888888888888888,-0.0595238095238094,0.8293650793650794,107.17703349282294
S001,Adaptive_ARNN,Adaptive_ARNN-GS,GS,15,0.8928571428571428,-0.0634920634920633,0.8293650793650794,107.65550239234449
S001,Adaptive_ARNN,Adaptive_ARNN-GS,GS,20,0.9007936507936508,-0.0714285714285712,0.8293650793650794,108.61244019138756
S001,Adaptive_ARNN,Adaptive_ARNN-GS,GS,25,0.9126984126984128,-0.0833333333333332,0.8293650793650794,110.04784688995215
S001,Adaptive_ARNN,Adaptive_ARNN-GS,GS,30,0.873015873015873,-0.0436507936507936,0.8293650793650794,105.26315789473684
S002,Adaptive_ARNN,Adaptive_ARNN-ES,ES,10,0.6904761904761904,0.0912698412698413,0.7817460317460317,88.3248730964467
S002,Adaptive_ARNN,Adaptive_ARNN-ES,ES,15,0.6984126984126985,0.0833333333333332,0.7817460317460317,89.34010152284266
S002,Adaptive_ARNN,Adaptive_ARNN-ES,ES,20,0.7103174603174603,0.0714285714285714,0.7817460317460317,90.86294416243655
S002,Adaptive_ARNN,Adaptive_ARNN-ES,ES,25,0.7420634920634921,0.0396825396825396,0.7817460317460317,94.9238578680203
S002,Adaptive_ARNN,Adaptive_ARNN-ES,ES,30,0.7420634920634921,0.0396825396825396,0.7817460317460317,94.9238578680203
S002,Adaptive_ARNN,Adaptive_ARNN-AS,AS,10,0.7023809523809522,0.0793650793650795,0.7817460317460317,89.84771573604058
S002,Adaptive_ARNN,Adaptive_ARNN-AS,AS,15,0.7182539682539683,0.0634920634920634,0.7817460317460317,91.87817258883248
S002,Adaptive_ARNN,Adaptive_ARNN-AS,AS,20,0.75,0.0317460317460317,0.7817460317460317,95.93908629441624
S002,Adaptive_ARNN,Adaptive_ARNN-AS,AS,25,0.7341269841269842,0.0476190476190475,0.7817460317460317,93.90862944162437
S002,Adaptive_ARNN,Adaptive_ARNN-AS,AS,30,0.7301587301587302,0.0515873015873015,0.7817460317460317,93.40101522842642
S002,Adaptive_ARNN,Adaptive_ARNN-GS,GS,10,0.6825396825396824,0.0992063492063493,0.7817460317460317,87.30964467005074
S002,Adaptive_ARNN,Adaptive_ARNN-GS,GS,15,0.7380952380952381,0.0436507936507936,0.7817460317460317,94.41624365482234
S002,Adaptive_ARNN,Adaptive_ARNN-GS,GS,20,0.746031746031746,0.0357142857142857,0.7817460317460317,95.43147208121827
S002,Adaptive_ARNN,Adaptive_ARNN-GS,GS,25,0.7341269841269842,0.0476190476190475,0.7817460317460317,93.90862944162437
S002,Adaptive_ARNN,Adaptive_ARNN-GS,GS,30,0.7777777777777777,0.003968253968254,0.7817460317460317,99.49238578680202
S005,Adaptive_ARNN,Adaptive_ARNN-ES,ES,10,0.8492063492063492,-0.0119047619047618,0.8373015873015873,101.4218009478673
S005,Adaptive_ARNN,Adaptive_ARNN-ES,ES,15,0.8293650793650794,0.0079365079365079,0.8373015873015873,99.0521327014218
S005,Adaptive_ARNN,Adaptive_ARNN-ES,ES,20,0.8293650793650794,0.0079365079365079,0.8373015873015873,99.0521327014218
S005,Adaptive_ARNN,Adaptive_ARNN-ES,ES,25,0.8214285714285715,0.0158730158730158,0.8373015873015873,98.10426540284361
S005,Adaptive_ARNN,Adaptive_ARNN-ES,ES,30,0.8571428571428572,-0.0198412698412698,0.8373015873015873,102.36966824644551
S005,Adaptive_ARNN,Adaptive_ARNN-AS,AS,10,0.8293650793650794,0.0079365079365079,0.8373015873015873,99.0521327014218
S005,Adaptive_ARNN,Adaptive_ARNN-AS,AS,15,0.8214285714285713,0.015873015873016,0.8373015873015873,98.10426540284358
S005,Adaptive_ARNN,Adaptive_ARNN-AS,AS,20,0.8253968253968255,0.0119047619047618,0.8373015873015873,98.5781990521327
S005,Adaptive_ARNN,Adaptive_ARNN-AS,AS,25,0.873015873015873,-0.0357142857142857,0.8373015873015873,104.26540284360189
S005,Adaptive_ARNN,Adaptive_ARNN-AS,AS,30,0.8174603174603176,0.0198412698412697,0.8373015873015873,97.63033175355451
S005,Adaptive_ARNN,Adaptive_ARNN-GS,GS,10,0.876984126984127,-0.0396825396825396,0.8373015873015873,104.739336492891
S005,Adaptive_ARNN,Adaptive_ARNN-GS,GS,15,0.8452380952380952,-0.0079365079365079,0.8373015873015873,100.94786729857819
S005,Adaptive_ARNN,Adaptive_ARNN-GS,GS,20,0.888888888888889,-0.0515873015873016,0.8373015873015873,106.1611374407583
S005,Adaptive_ARNN,Adaptive_ARNN-GS,GS,25,0.8452380952380952,-0.0079365079365079,0.8373015873015873,100.94786729857819
S005,Adaptive_ARNN,Adaptive_ARNN-GS,GS,30,0.8373015873015873,0.0,0.8373015873015873,100.0
S006,Adaptive_ARNN,Adaptive_ARNN-ES,ES,10,0.7301587301587302,0.0277777777777776,0.7579365079365079,96.33507853403142
S006,Adaptive_ARNN,Adaptive_ARNN-ES,ES,15,0.8214285714285715,-0.0634920634920636,0.7579365079365079,108.37696335078535
S006,Adaptive_ARNN,Adaptive_ARNN-ES,ES,20,0.7857142857142857,-0.0277777777777777,0.7579365079365079,103.66492146596859
S006,Adaptive_ARNN,Adaptive_ARNN-ES,ES,25,0.7936507936507936,-0.0357142857142857,0.7579365079365079,104.71204188481676
S006,Adaptive_ARNN,Adaptive_ARNN-ES,ES,30,0.7936507936507936,-0.0357142857142857,0.7579365079365079,104.71204188481676
S006,Adaptive_ARNN,Adaptive_ARNN-AS,AS,10,0.7619047619047619,-0.0039682539682539,0.7579365079365079,100.52356020942408
S006,Adaptive_ARNN,Adaptive_ARNN-AS,AS,15,0.7896825396825397,-0.0317460317460317,0.7579365079365079,104.18848167539268
S006,Adaptive_ARNN,Adaptive_ARNN-AS,AS,20,0.8095238095238096,-0.0515873015873017,0.7579365079365079,106.80628272251312
S006,Adaptive_ARNN,Adaptive_ARNN-AS,AS,25,0.8333333333333334,-0.0753968253968254,0.7579365079365079,109.9476439790576
S006,Adaptive_ARNN,Adaptive_ARNN-AS,AS,30,0.7063492063492064,0.0515873015873015,0.7579365079365079,93.19371727748693
S006,Adaptive_ARNN,Adaptive_ARNN-GS,GS,10,0.8293650793650794,-0.0714285714285715,0.7579365079365079,109.42408376963353
S006,Adaptive_ARNN,Adaptive_ARNN-GS,GS,15,0.7619047619047619,-0.0039682539682539,0.7579365079365079,100.52356020942408
S006,Adaptive_ARNN,Adaptive_ARNN-GS,GS,20,0.7380952380952381,0.0198412698412697,0.7579365079365079,97.38219895287959
S006,Adaptive_ARNN,Adaptive_ARNN-GS,GS,25,0.7380952380952381,0.0198412698412697,0.7579365079365079,97.38219895287959
S006,Adaptive_ARNN,Adaptive_ARNN-GS,GS,30,0.7063492063492062,0.0515873015873017,0.7579365079365079,93.19371727748688
S007,Adaptive_ARNN,Adaptive_ARNN-ES,ES,10,0.9126984126984128,0.0198412698412697,0.9325396825396824,97.87234042553193
S007,Adaptive_ARNN,Adaptive_ARNN-ES,ES,15,0.9087301587301588,0.0238095238095237,0.9325396825396824,97.44680851063832
S007,Adaptive_ARNN,Adaptive_ARNN-ES,ES,20,0.9246031746031744,0.0079365079365079,0.9325396825396824,99.14893617021275
S007,Adaptive_ARNN,Adaptive_ARNN-ES,ES,25,0.9484126984126984,-0.015873015873016,0.9325396825396824,101.70212765957447
S007,Adaptive_ARNN,Adaptive_ARNN-ES,ES,30,0.9365079365079364,-0.0039682539682539,0.9325396825396824,100.42553191489361
S007,Adaptive_ARNN,Adaptive_ARNN-AS,AS,10,0.876984126984127,0.0555555555555554,0.9325396825396824,94.04255319148938
S007,Adaptive_ARNN,Adaptive_ARNN-AS,AS,15,0.9206349206349206,0.0119047619047618,0.9325396825396824,98.72340425531915
S007,Adaptive_ARNN,Adaptive_ARNN-AS,AS,20,0.9325396825396824,0.0,0.9325396825396824,100.0
S007,Adaptive_ARNN,Adaptive_ARNN-AS,AS,25,0.9444444444444444,-0.011904761904762,0.9325396825396824,101.27659574468086
S007,Adaptive_ARNN,Adaptive_ARNN-AS,AS,30,0.9126984126984128,0.0198412698412697,0.9325396825396824,97.87234042553193
S007,Adaptive_ARNN,Adaptive_ARNN-GS,GS,10,0.9285714285714284,0.0039682539682539,0.9325396825396824,99.57446808510637
S007,Adaptive_ARNN,Adaptive_ARNN-GS,GS,15,0.9285714285714284,0.0039682539682539,0.9325396825396824,99.57446808510637
S007,Adaptive_ARNN,Adaptive_ARNN-GS,GS,20,0.9365079365079364,-0.0039682539682539,0.9325396825396824,100.42553191489361
S007,Adaptive_ARNN,Adaptive_ARNN-GS,GS,25,0.9246031746031744,0.0079365079365079,0.9325396825396824,99.14893617021275
S007,Adaptive_ARNN,Adaptive_ARNN-GS,GS,30,0.9484126984126984,-0.015873015873016,0.9325396825396824,101.70212765957447
S008,Adaptive_ARNN,Adaptive_ARNN-ES,ES,10,0.9246031746031744,-0.0158730158730158,0.9087301587301588,101.74672489082965
S008,Adaptive_ARNN,Adaptive_ARNN-ES,ES,15,0.9166666666666666,-0.0079365079365079,0.9087301587301588,100.87336244541483
S008,Adaptive_ARNN,Adaptive_ARNN-ES,ES,20,0.9047619047619048,0.0039682539682539,0.9087301587301588,99.56331877729257
S008,Adaptive_ARNN,Adaptive_ARNN-ES,ES,25,0.9166666666666666,-0.0079365079365079,0.9087301587301588,100.87336244541483
S008,Adaptive_ARNN,Adaptive_ARNN-ES,ES,30,0.9007936507936508,0.0079365079365079,0.9087301587301588,99.12663755458514
S008,Adaptive_ARNN,Adaptive_ARNN-AS,AS,10,0.9166666666666666,-0.0079365079365079,0.9087301587301588,100.87336244541483
S008,Adaptive_ARNN,Adaptive_ARNN-AS,AS,15,0.8928571428571428,0.0158730158730159,0.9087301587301588,98.25327510917029
S008,Adaptive_ARNN,Adaptive_ARNN-AS,AS,20,0.9047619047619048,0.0039682539682539,0.9087301587301588,99.56331877729257
S008,Adaptive_ARNN,Adaptive_ARNN-AS,AS,25,0.8849206349206349,0.0238095238095238,0.9087301587301588,97.37991266375545
S008,Adaptive_ARNN,Adaptive_ARNN-AS,AS,30,0.8809523809523809,0.0277777777777777,0.9087301587301588,96.94323144104801
S008,Adaptive_ARNN,Adaptive_ARNN-GS,GS,10,0.8531746031746031,0.0555555555555555,0.9087301587301588,93.88646288209605
S008,Adaptive_ARNN,Adaptive_ARNN-GS,GS,15,0.8928571428571428,0.0158730158730159,0.9087301587301588,98.25327510917029
S008,Adaptive_ARNN,Adaptive_ARNN-GS,GS,20,0.9047619047619048,0.0039682539682539,0.9087301587301588,99.56331877729257
S008,Adaptive_ARNN,Adaptive_ARNN-GS,GS,25,0.9087301587301588,0.0,0.9087301587301588,100.0
S008,Adaptive_ARNN,Adaptive_ARNN-GS,GS,30,0.9246031746031744,-0.0158730158730158,0.9087301587301588,101.74672489082965
S011,Adaptive_ARNN,Adaptive_ARNN-ES,ES,10,0.7936507936507936,0.0198412698412699,0.8134920634920636,97.56097560975608
S011,Adaptive_ARNN,Adaptive_ARNN-ES,ES,15,0.7976190476190476,0.015873015873016,0.8134920634920636,98.04878048780485
S011,Adaptive_ARNN,Adaptive_ARNN-ES,ES,20,0.8293650793650794,-0.0158730158730158,0.8134920634920636,101.95121951219512
S011,Adaptive_ARNN,Adaptive_ARNN-ES,ES,25,0.8253968253968255,-0.0119047619047618,0.8134920634920636,101.46341463414635
S011,Adaptive_ARNN,Adaptive_ARNN-ES,ES,30,0.8492063492063492,-0.0357142857142855,0.8134920634920636,104.39024390243901
S011,Adaptive_ARNN,Adaptive_ARNN-AS,AS,10,0.8095238095238096,0.0039682539682539,0.8134920634920636,99.51219512195122
S011,Adaptive_ARNN,Adaptive_ARNN-AS,AS,15,0.8412698412698413,-0.0277777777777776,0.8134920634920636,103.41463414634144
S011,Adaptive_ARNN,Adaptive_ARNN-AS,AS,20,0.873015873015873,-0.0595238095238094,0.8134920634920636,107.31707317073169
S011,Adaptive_ARNN,Adaptive_ARNN-AS,AS,25,0.8333333333333334,-0.0198412698412697,0.8134920634920636,102.43902439024389
S011,Adaptive_ARNN,Adaptive_ARNN-AS,AS,30,0.8650793650793651,-0.0515873015873015,0.8134920634920636,106.34146341463413
S011,Adaptive_ARNN,Adaptive_ARNN-GS,GS,10,0.75,0.0634920634920636,0.8134920634920636,92.1951219512195
S011,Adaptive_ARNN,Adaptive_ARNN-GS,GS,15,0.7857142857142857,0.0277777777777779,0.8134920634920636,96.58536585365852
S011,Adaptive_ARNN,Adaptive_ARNN-GS,GS,20,0.8095238095238096,0.0039682539682539,0.8134920634920636,99.51219512195122
S011,Adaptive_ARNN,Adaptive_ARNN-GS,GS,25,0.8492063492063492,-0.0357142857142855,0.8134920634920636,104.39024390243901
S011,Adaptive_ARNN,Adaptive_ARNN-GS,GS,30,0.8690476190476191,-0.0555555555555554,0.8134920634920636,106.82926829268291
S014,Adaptive_ARNN,Adaptive_ARNN-ES,ES,10,0.753968253968254,0.1031746031746032,0.8571428571428572,87.96296296296295
S014,Adaptive_ARNN,Adaptive_ARNN-ES,ES,15,0.753968253968254,0.1031746031746032,0.8571428571428572,87.96296296296295
S014,Adaptive_ARNN,Adaptive_ARNN-ES,ES,20,0.8015873015873015,0.0555555555555556,0.8571428571428572,93.5185185185185
S014,Adaptive_ARNN,Adaptive_ARNN-ES,ES,25,0.7936507936507936,0.0634920634920636,0.8571428571428572,92.59259259259258
S014,Adaptive_ARNN,Adaptive_ARNN-ES,ES,30,0.8333333333333334,0.0238095238095238,0.8571428571428572,97.22222222222221
S014,Adaptive_ARNN,Adaptive_ARNN-AS,AS,10,0.753968253968254,0.1031746031746032,0.8571428571428572,87.96296296296295
S014,Adaptive_ARNN,Adaptive_ARNN-AS,AS,15,0.7738095238095237,0.0833333333333334,0.8571428571428572,90.27777777777776
S014,Adaptive_ARNN,Adaptive_ARNN-AS,AS,20,0.7896825396825397,0.0674603174603175,0.8571428571428572,92.12962962962962
S014,Adaptive_ARNN,Adaptive_ARNN-AS,AS,25,0.8174603174603176,0.0396825396825396,0.8571428571428572,95.37037037037037
S014,Adaptive_ARNN,Adaptive_ARNN-AS,AS,30,0.8373015873015873,0.0198412698412698,0.8571428571428572,97.68518518518519
S014,Adaptive_ARNN,Adaptive_ARNN-GS,GS,10,0.8650793650793651,-0.0079365079365079,0.8571428571428572,100.92592592592592
S014,Adaptive_ARNN,Adaptive_ARNN-GS,GS,15,0.8888888888888888,-0.0317460317460316,0.8571428571428572,103.7037037037037
S014,Adaptive_ARNN,Adaptive_ARNN-GS,GS,20,0.9285714285714284,-0.0714285714285712,0.8571428571428572,108.3333333333333
S014,Adaptive_ARNN,Adaptive_ARNN-GS,GS,25,0.9047619047619048,-0.0476190476190475,0.8571428571428572,105.55555555555556
S014,Adaptive_ARNN,Adaptive_ARNN-GS,GS,30,0.876984126984127,-0.0198412698412697,0.8571428571428572,102.31481481481481
S015,Adaptive_ARNN,Adaptive_ARNN-ES,ES,10,0.9087301587301588,0.0,0.9087301587301588,100.0
S015,Adaptive_ARNN,Adaptive_ARNN-ES,ES,15,0.8611111111111112,0.0476190476190475,0.9087301587301588,94.75982532751091
S015,Adaptive_ARNN,Adaptive_ARNN-ES,ES,20,0.8134920634920636,0.0952380952380951,0.9087301587301588,89.51965065502183
S015,Adaptive_ARNN,Adaptive_ARNN-ES,ES,25,0.8293650793650794,0.0793650793650793,0.9087301587301588,91.26637554585152
S015,Adaptive_ARNN,Adaptive_ARNN-ES,ES,30,0.8849206349206349,0.0238095238095238,0.9087301587301588,97.37991266375545
S015,Adaptive_ARNN,Adaptive_ARNN-AS,AS,10,0.8492063492063492,0.0595238095238095,0.9087301587301588,93.44978165938863
S015,Adaptive_ARNN,Adaptive_ARNN-AS,AS,15,0.8492063492063492,0.0595238095238095,0.9087301587301588,93.44978165938863
S015,Adaptive_ARNN,Adaptive_ARNN-AS,AS,20,0.8531746031746031,0.0555555555555555,0.9087301587301588,93.88646288209605
S015,Adaptive_ARNN,Adaptive_ARNN-AS,AS,25,0.873015873015873,0.0357142857142857,0.9087301587301588,96.06986899563317
S015,Adaptive_ARNN,Adaptive_ARNN-AS,AS,30,0.884920634920635,0.0238095238095237,0.9087301587301588,97.37991266375545
S015,Adaptive_ARNN,Adaptive_ARNN-GS,GS,10,0.9246031746031744,-0.0158730158730158,0.9087301587301588,101.74672489082965
S015,Adaptive_ARNN,Adaptive_ARNN-GS,GS,15,0.9285714285714284,-0.0198412698412697,0.9087301587301588,102.18340611353709
S015,Adaptive_ARNN,Adaptive_ARNN-GS,GS,20,0.9126984126984128,-0.0039682539682539,0.9087301587301588,100.43668122270742
S015,Adaptive_ARNN,Adaptive_ARNN-GS,GS,25,0.9007936507936508,0.0079365079365079,0.9087301587301588,99.12663755458514
S015,Adaptive_ARNN,Adaptive_ARNN-GS,GS,30,0.8809523809523809,0.0277777777777777,0.9087301587301588,96.94323144104801
S016,Adaptive_ARNN,Adaptive_ARNN-ES,ES,10,0.7896825396825397,0.1071428571428571,0.8968253968253967,88.05309734513274
S016,Adaptive_ARNN,Adaptive_ARNN-ES,ES,15,0.8888888888888888,0.0079365079365079,0.8968253968253967,99.11504424778761
S016,Adaptive_ARNN,Adaptive_ARNN-ES,ES,20,0.8174603174603176,0.0793650793650792,0.8968253968253967,91.15044247787613
S016,Adaptive_ARNN,Adaptive_ARNN-ES,ES,25,0.8809523809523809,0.0158730158730158,0.8968253968253967,98.23008849557523
S016,Adaptive_ARNN,Adaptive_ARNN-ES,ES,30,0.8690476190476191,0.0277777777777776,0.8968253968253967,96.90265486725664
S016,Adaptive_ARNN,Adaptive_ARNN-AS,AS,10,0.8015873015873015,0.0952380952380952,0.8968253968253967,89.38053097345133
S016,Adaptive_ARNN,Adaptive_ARNN-AS,AS,15,0.7936507936507936,0.1031746031746031,0.8968253968253967,88.49557522123894
S016,Adaptive_ARNN,Adaptive_ARNN-AS,AS,20,0.8452380952380952,0.0515873015873015,0.8968253968253967,94.24778761061947
S016,Adaptive_ARNN,Adaptive_ARNN-AS,AS,25,0.8611111111111112,0.0357142857142855,0.8968253968253967,96.01769911504427
S016,Adaptive_ARNN,Adaptive_ARNN-AS,AS,30,0.876984126984127,0.0198412698412697,0.8968253968253967,97.78761061946904
S016,Adaptive_ARNN,Adaptive_ARNN-GS,GS,10,0.8134920634920636,0.0833333333333331,0.8968253968253967,90.70796460176993
S016,Adaptive_ARNN,Adaptive_ARNN-GS,GS,15,0.865079365079365,0.0317460317460317,0.8968253968253967,96.46017699115043
S016,Adaptive_ARNN,Adaptive_ARNN-GS,GS,20,0.8214285714285715,0.0753968253968252,0.8968253968253967,91.59292035398232
S016,Adaptive_ARNN,Adaptive_ARNN-GS,GS,25,0.8253968253968255,0.0714285714285712,0.8968253968253967,92.0353982300885
S016,Adaptive_ARNN,Adaptive_ARNN-GS,GS,30,0.8134920634920636,0.0833333333333331,0.8968253968253967,90.70796460176993
S001,FBCSP,FBCSP,default,10,0.6667,-0.0516,0.7182999999999999,92.81637198941947
S001,FBCSP,FBCSP,default,15,0.6667,-0.0516,0.7182999999999999,92.81637198941947
S001,FBCSP,FBCSP,default,20,0.6746,-0.0595,0.7341,91.89483721563819
S001,FBCSP,FBCSP,default,25,0.6389,-0.0238,0.6627000000000001,96.40863135657159
S001,FBCSP,FBCSP,default,30,0.6746,-0.0595,0.7341,91.89483721563819
S001,CNN_SAE,CNN_SAE,default,10,0.9405,-0.0119,0.9524,98.7505249895002
S001,CNN_SAE,CNN_SAE,default,15,0.9286,0.0,0.9286,100.0
S001,CNN_SAE,CNN_SAE,default,20,0.9206,0.0079,0.9127,100.86556371206312
S001,CNN_SAE,CNN_SAE,default,25,0.9365,-0.0079,0.9444,99.16349004659043
S001,CNN_SAE,CNN_SAE,default,30,0.9008,0.0278,0.873,103.18442153493702
S001,EEGNET,EEGNET,default,10,0.9484,-0.0119,0.9603,98.76080391544309
S001,EEGNET,EEGNET,default,15,0.9603,-0.0238,0.9841000000000001,97.58154659079361
S001,EEGNET,EEGNET,default,20,0.9365,0.0,0.9365,100.0
S001,EEGNET,EEGNET,default,25,0.9444,-0.0079,0.9523,99.17042948650635
S001,EEGNET,EEGNET,default,30,0.9524,-0.0159,0.9683,98.3579469172777
S001,ACS_SE_CNN,ACS_SE_CNN,default,10,0.9167,-0.0516,0.9682999999999999,94.6710730145616
S001,ACS_SE_CNN,ACS_SE_CNN,default,15,0.9008,-0.0357,0.9365,96.18793379604912
S001,ACS_SE_CNN,ACS_SE_CNN,default,20,0.9008,-0.0357,0.9365,96.18793379604912
S001,ACS_SE_CNN,ACS_SE_CNN,default,25,0.9087,-0.0437,0.9523999999999999,95.41159176816464
S001,ACS_SE_CNN,ACS_SE_CNN,default,30,0.8929,-0.0278,0.9207000000000001,96.98055827088085
S001,G_CARM,G_CARM-ES,ES,10,0.7857,0.0238,0.7618999999999999,103.12376952355953
S001,G_CARM,G_CARM-ES,ES,15,0.7024,0.1071,0.5953,117.99092894338987
S001,G_CARM,G_CARM-ES,ES,20,0.7421,0.0675,0.6746,110.00592943966797
S001,G_CARM,G_CARM-ES,ES,25,0.7183,0.0913,0.627,114.56140350877193
S001,G_CARM,G_CARM-ES,ES,30,0.7262,0.0833,0.6428999999999999,112.95691398351222
S001,G_CARM,G_CARM-AS,AS,10,0.881,-0.0714,0.9524,92.50314993700127
S001,G_CARM,G_CARM-AS,AS,15,0.8571,-0.0476,0.9047,94.73858737703105
S001,G_CARM,G_CARM-AS,AS,20,0.8929,-0.0833,0.9762000000000001,91.46691251792664
S001,G_CARM,G_CARM-AS,AS,25,0.8651,-0.0556,0.9207,93.9611165417617
S001,G_CARM,G_CARM-AS,AS,30,0.8492,-0.0397,0.8888999999999999,95.53380582742716
S002,FBCSP,FBCSP,default,10,0.631,0.0476,0.5834,108.15906753513885
S002,FBCSP,FBCSP,default,15,0.6706,0.0079,0.6627,101.19209295307077
S002,FBCSP,FBCSP,default,20,0.6825,-0.004,0.6865,99.41733430444283
S002,FBCSP,FBCSP,default,25,0.6429,0.0357,0.6072000000000001,105.87944664031619
S002,FBCSP,FBCSP,default,30,0.6786,0.0,0.6786,100.0
S002,CNN_SAE,CNN_SAE,default,10,0.7341,-0.0238,0.7579,96.85974402955534
S002,CNN_SAE,CNN_SAE,default,15,0.7341,-0.0238,0.7579,96.85974402955534
S002,CNN_SAE,CNN_SAE,default,20,0.7579,-0.0476,0.8055,94.09062693978896
S002,CNN_SAE,CNN_SAE,default,25,0.7381,-0.0278,0.7659,96.37028332680507
S002,CNN_SAE,CNN_SAE,default,30,0.7222,-0.0119,0.7341,98.37896744312764
S002,EEGNET,EEGNET,default,10,0.8333,-0.0437,0.877,95.01710376282783
S002,EEGNET,EEGNET,default,15,0.8373,-0.0476,0.8849,94.6208611142502
S002,EEGNET,EEGNET,default,20,0.8254,-0.0357,0.8611,95.85414005342004
S002,EEGNET,EEGNET,default,25,0.7778,0.0119,0.7659,101.55372764068416
S002,EEGNET,EEGNET,default,30,0.8175,-0.0278,0.8453,96.7112267833905
S002,ACS_SE_CNN,ACS_SE_CNN,default,10,0.6944,0.004,0.6904,100.57937427578216
S002,ACS_SE_CNN,ACS_SE_CNN,default,15,0.6905,0.0079,0.6826,101.15733958394375
S002,ACS_SE_CNN,ACS_SE_CNN,default,20,0.6865,0.0119,0.6746,101.76400830121554
S002,ACS_SE_CNN,ACS_SE_CNN,default,25,0.7103,-0.0119,0.7222000000000001,98.35225699252284
S002,ACS_SE_CNN,ACS_SE_CNN,default,30,0.7143,-0.0159,0.7302000000000001,97.82251437962202
S002,G_CARM,G_CARM-ES,ES,10,0.6905,-0.0159,0.7064,97.74915062287656
S002,G_CARM,G_CARM-ES,ES,15,0.6825,-0.0079,0.6904,98.85573580533024
S002,G_CARM,G_CARM-ES,ES,20,0.6825,-0.0079,0.6904,98.85573580533024
S002,G_CARM,G_CARM-ES,ES,25,0.6706,0.004,0.6666,100.60006000600059
S002,G_CARM,G_CARM-ES,ES,30,0.6706,0.004,0.6666,100.60006000600059
S002,G_CARM,G_CARM-AS,AS,10,0.6825,-0.0079,0.6904,98.85573580533024
S002,G_CARM,G_CARM-AS,AS,15,0.6746,0.0,0.6746,100.0
S002,G_CARM,G_CARM-AS,AS,20,0.6786,-0.004,0.6826,99.41400527395253
S002,G_CARM,G_CARM-AS,AS,25,0.6905,-0.0159,0.7064,97.74915062287656
S002,G_CARM,G_CARM-AS,AS,30,0.6944,-0.0198,0.7142000000000001,97.22766732007841
S005,FBCSP,FBCSP,default,10,0.6667,-0.0476,0.7142999999999999,93.33613327733445
S005,FBCSP,FBCSP,default,15,0.6667,-0.0476,0.7142999999999999,93.33613327733445
S005,FBCSP,FBCSP,default,20,0.619,0.0,0.619,100.0
S005,FBCSP,FBCSP,default,25,0.6111,0.0079,0.6032,101.30968169761275
S005,FBCSP,FBCSP,default,30,0.5913,0.0278,0.5635,104.93345164152619
S005,CNN_SAE,CNN_SAE,default,10,0.8413,-0.0079,0.8492000000000001,99.06971267074893
S005,CNN_SAE,CNN_SAE,default,15,0.8175,0.0159,0.8016,101.98353293413174
S005,CNN_SAE,CNN_SAE,default,20,0.877,-0.0437,0.9207,95.25361138264364
S005,CNN_SAE,CNN_SAE,default,25,0.869,-0.0357,0.9047,96.0539405327733
S005,CNN_SAE,CNN_SAE,default,30,0.873,-0.0397,0.9127,95.65026843431576
S005,EEGNET,EEGNET,default,10,0.9325,-0.0159,0.9484,98.32349219738506
S005,EEGNET,EEGNET,default,15,0.9325,-0.0159,0.9484,98.32349219738506
S005,EEGNET,EEGNET,default,20,0.9365,-0.0198,0.9563,97.92952002509672
S005,EEGNET,EEGNET,default,25,0.9127,0.004,0.9087,100.440189281391
S005,EEGNET,EEGNET,default,30,0.9246,-0.0079,0.9325,99.15281501340483
S005,ACS_SE_CNN,ACS_SE_CNN,default,10,0.8095,-0.0119,0.8214,98.55125395665935
S005,ACS_SE_CNN,ACS_SE_CNN,default,15,0.8254,-0.0278,0.8532000000000001,96.741678387248
S005,ACS_SE_CNN,ACS_SE_CNN,default,20,0.8016,-0.004,0.8056,99.50347567030784
S005,ACS_SE_CNN,ACS_SE_CNN,default,25,0.7937,0.004,0.7897,100.50652146384702
S005,ACS_SE_CNN,ACS_SE_CNN,default,30,0.8056,-0.0079,0.8135,99.02888752304855
S005,G_CARM,G_CARM-ES,ES,10,0.7381,0.0476,0.6905,106.89355539464157
S005,G_CARM,G_CARM-ES,ES,15,0.7222,0.0635,0.6587,109.64020039471687
S005,G_CARM,G_CARM-ES,ES,20,0.7341,0.0516,0.6825,107.56043956043955
S005,G_CARM,G_CARM-ES,ES,25,0.7738,0.0119,0.7619,101.56188476177977
S005,G_CARM,G_CARM-ES,ES,30,0.7738,0.0119,0.7619,101.56188476177977
S005,G_CARM,G_CARM-AS,AS,10,0.7817,0.004,0.7777,100.51433714800051
S005,G_CARM,G_CARM-AS,AS,15,0.7937,-0.0079,0.8016,99.01447105788424
S005,G_CARM,G_CARM-AS,AS,20,0.7421,0.0437,0.6984,106.25715922107675
S005,G_CARM,G_CARM-AS,AS,25,0.7698,0.0159,0.7539,102.1090330282531
S005,G_CARM,G_CARM-AS,AS,30,0.7897,-0.004,0.7937,99.49603124606274
S006,FBCSP,FBCSP,default,10,0.5913,-0.0754,0.6667000000000001,88.69056547172642
S006,FBCSP,FBCSP,default,15,0.5675,-0.0516,0.6191,91.66532062671621
S006,FBCSP,FBCSP,default,20,0.5833,-0.0675,0.6508,89.62814996926859
S006,FBCSP,FBCSP,default,25,0.5952,-0.0794,0.6746,88.23006225911651
S006,FBCSP,FBCSP,default,30,0.5556,-0.0397,0.5952999999999999,93.33109356626912
S006,CNN_SAE,CNN_SAE,default,10,0.8571,-0.0556,0.9127,93.90818450750521
S006,CNN_SAE,CNN_SAE,default,15,0.8889,-0.0873,0.9762000000000001,91.05716041794713
S006,CNN_SAE,CNN_SAE,default,20,0.8214,-0.0198,0.8412000000000001,97.64621968616261
S006,CNN_SAE,CNN_SAE,default,25,0.8095,-0.0079,0.8174,99.03352091999021
S006,CNN_SAE,CNN_SAE,default,30,0.7817,0.0198,0.7618999999999999,102.59876624228903
S006,EEGNET,EEGNET,default,10,0.9286,-0.004,0.9326,99.57109157194938
S006,EEGNET,EEGNET,default,15,0.9286,-0.004,0.9326,99.57109157194938
S006,EEGNET,EEGNET,default,20,0.9444,-0.0198,0.9642000000000001,97.94648413192283
S006,EEGNET,EEGNET,default,25,0.9484,-0.0238,0.9722000000000001,97.5519440444353
S006,EEGNET,EEGNET,default,30,0.9563,-0.0317,0.988,96.79149797570851
S006,ACS_SE_CNN,ACS_SE_CNN,default,10,0.7341,0.004,0.7301,100.5478701547733
S006,ACS_SE_CNN,ACS_SE_CNN,default,15,0.7421,-0.004,0.7461,99.46387883661707
S006,ACS_SE_CNN,ACS_SE_CNN,default,20,0.7579,-0.0198,0.7777000000000001,97.45403111739745
S006,ACS_SE_CNN,ACS_SE_CNN,default,25,0.7817,-0.0437,0.8253999999999999,94.70559728616429
S006,ACS_SE_CNN,ACS_SE_CNN,default,30,0.754,-0.0159,0.7699,97.93479672684764
S006,G_CARM,G_CARM-ES,ES,10,0.7341,-0.004,0.7381,99.45806801246444
S006,G_CARM,G_CARM-ES,ES,15,0.7143,0.0159,0.6984,102.27663230240552
S006,G_CARM,G_CARM-ES,ES,20,0.7222,0.0079,0.7142999999999999,101.1059778804424
S006,G_CARM,G_CARM-ES,ES,25,0.6786,0.0516,0.627,108.22966507177034
S006,G_CARM,G_CARM-ES,ES,30,0.7024,0.0278,0.6746,104.12096056922621
S006,G_CARM,G_CARM-AS,AS,10,0.7222,0.0079,0.7142999999999999,101.1059778804424
S006,G_CARM,G_CARM-AS,AS,15,0.7262,0.004,0.7222,100.55386319579065
S006,G_CARM,G_CARM-AS,AS,20,0.746,-0.0159,0.7619,97.91311195694973
S006,G_CARM,G_CARM-AS,AS,25,0.7341,-0.004,0.7381,99.45806801246444
S006,G_CARM,G_CARM-AS,AS,30,0.746,-0.0159,0.7619,97.91311195694973
S007,FBCSP,FBCSP,default,10,0.7222,0.004,0.7182,100.55694792536897
S007,FBCSP,FBCSP,default,15,0.7698,-0.0437,0.8135,94.62814996926859
S007,FBCSP,FBCSP,default,20,0.746,-0.0198,0.7658,97.41446852964219
S007,FBCSP,FBCSP,default,25,0.7183,0.0079,0.7104,101.11204954954955
S007,FBCSP,FBCSP,default,30,0.746,-0.0198,0.7658,97.41446852964219
S007,CNN_SAE,CNN_SAE,default,10,0.9365,-0.0357,0.9722,96.32791606665295
S007,CNN_SAE,CNN_SAE,default,15,0.9206,-0.0198,0.9404,97.89451297320288
S007,CNN_SAE,CNN_SAE,default,20,0.9286,-0.0278,0.9564,97.09326641572564
S007,CNN_SAE,CNN_SAE,default,25,0.9365,-0.0357,0.9722,96.32791606665295
S007,CNN_SAE,CNN_SAE,default,30,0.9167,-0.0159,0.9326,98.29508899849881
S007,EEGNET,EEGNET,default,10,0.9643,-0.004,0.9683,99.58690488484973
S007,EEGNET,EEGNET,default,15,0.9643,-0.004,0.9683,99.58690488484973
S007,EEGNET,EEGNET,default,20,0.9643,-0.004,0.9683,99.58690488484973
S007,EEGNET,EEGNET,default,25,0.9802,-0.0198,1.0,98.02
S007,EEGNET,EEGNET,default,30,0.9841,-0.0238,1.0079,97.63865462843536
S007,ACS_SE_CNN,ACS_SE_CNN,default,10,0.8849,0.0119,0.873,101.36311569301259
S007,ACS_SE_CNN,ACS_SE_CNN,default,15,0.8968,0.0,0.8968,100.0
S007,ACS_SE_CNN,ACS_SE_CNN,default,20,0.8373,0.0595,0.7778,107.64978143481613
S007,ACS_SE_CNN,ACS_SE_CNN,default,25,0.881,0.0159,0.8651,101.83793781065773
S007,ACS_SE_CNN,ACS_SE_CNN,default,30,0.881,0.0159,0.8651,101.83793781065773
S007,G_CARM,G_CARM-ES,ES,10,0.8849,-0.0278,0.9127000000000001,96.9540922537526
S007,G_CARM,G_CARM-ES,ES,15,0.877,-0.0198,0.8968,97.7921498661909
S007,G_CARM,G_CARM-ES,ES,20,0.8571,0.0,0.8571,100.0
S007,G_CARM,G_CARM-ES,ES,25,0.8452,0.0119,0.8332999999999999,101.42805712228488
S007,G_CARM,G_CARM-ES,ES,30,0.8571,0.0,0.8571,100.0
S007,G_CARM,G_CARM-AS,AS,10,0.9048,-0.0476,0.9524,95.00209995800084
S007,G_CARM,G_CARM-AS,AS,15,0.869,-0.0119,0.8809,98.64910886593256
S007,G_CARM,G_CARM-AS,AS,20,0.869,-0.0119,0.8809,98.64910886593256
S007,G_CARM,G_CARM-AS,AS,25,0.877,-0.0198,0.8968,97.7921498661909
S007,G_CARM,G_CARM-AS,AS,30,0.8651,-0.0079,0.873,99.09507445589921
S008,FBCSP,FBCSP,default,10,0.631,-0.0238,0.6548,96.36530238240684
S008,FBCSP,FBCSP,default,15,0.6627,-0.0556,0.7182999999999999,92.25950160100237
S008,FBCSP,FBCSP,default,20,0.7063,-0.0992,0.8055,87.6846679081316
S008,FBCSP,FBCSP,default,25,0.6984,-0.0913,0.7897000000000001,88.43864758769152
S008,FBCSP,FBCSP,default,30,0.6706,-0.0635,0.7341,91.34995232257185
S008,CNN_SAE,CNN_SAE,default,10,0.9603,-0.0516,1.0119,94.90068188556182
S008,CNN_SAE,CNN_SAE,default,15,0.9246,-0.0159,0.9405,98.30940988835725
S008,CNN_SAE,CNN_SAE,default,20,0.9286,-0.0198,0.9484,97.91227330240405
S008,CNN_SAE,CNN_SAE,default,25,0.9365,-0.0278,0.9643,97.11707974696671
S008,CNN_SAE,CNN_SAE,default,30,0.9246,-0.0159,0.9405,98.30940988835725
S008,EEGNET,EEGNET,default,10,0.9683,0.0079,0.9604,100.8225739275302
S008,EEGNET,EEGNET,default,15,0.9881,-0.0119,1.0,98.81
S008,EEGNET,EEGNET,default,20,0.9683,0.0079,0.9604,100.8225739275302
S008,EEGNET,EEGNET,default,25,0.9643,0.0119,0.9524,101.2494750104998
S008,EEGNET,EEGNET,default,30,0.9802,-0.004,0.9842,99.59357854094696
S008,ACS_SE_CNN,ACS_SE_CNN,default,10,0.8452,0.0476,0.7976,105.9679037111334
S008,ACS_SE_CNN,ACS_SE_CNN,default,15,0.8571,0.0357,0.8214,104.3462381300219
S008,ACS_SE_CNN,ACS_SE_CNN,default,20,0.9008,-0.0079,0.9087000000000001,99.13062616925278
S008,ACS_SE_CNN,ACS_SE_CNN,default,25,0.9008,-0.0079,0.9087000000000001,99.13062616925278
S008,ACS_SE_CNN,ACS_SE_CNN,default,30,0.881,0.0119,0.8691,101.3692325394086
S008,G_CARM,G_CARM-ES,ES,10,0.7817,0.0913,0.6903999999999999,113.22421784472769
S008,G_CARM,G_CARM-ES,ES,15,0.7262,0.1468,0.5793999999999999,125.33655505695549
S008,G_CARM,G_CARM-ES,ES,20,0.8056,0.0675,0.7381,109.14510228966266
S008,G_CARM,G_CARM-ES,ES,25,0.7579,0.1151,0.6428,117.90603609209707
S008,G_CARM,G_CARM-ES,ES,30,0.8373,0.0357,0.8016000000000001,104.45359281437125
S008,G_CARM,G_CARM-AS,AS,10,0.8651,0.0079,0.8572,100.92160522631826
S008,G_CARM,G_CARM-AS,AS,15,0.7778,0.0952,0.6826000000000001,113.94667447992968
S008,G_CARM,G_CARM-AS,AS,20,0.8492,0.0238,0.8253999999999999,102.88345044826752
S008,G_CARM,G_CARM-AS,AS,25,0.877,-0.004,0.881,99.54597048808172
S008,G_CARM,G_CARM-AS,AS,30,0.881,-0.0079,0.8889,99.11126110923614
S011,FBCSP,FBCSP,default,10,0.5714,-0.0635,0.6349,89.99842494881084
S011,FBCSP,FBCSP,default,15,0.5714,-0.0635,0.6349,89.99842494881084
S011,FBCSP,FBCSP,default,20,0.5238,-0.0159,0.5397000000000001,97.05391884380211
S011,FBCSP,FBCSP,default,25,0.5317,-0.0238,0.5555,95.71557155715571
S011,FBCSP,FBCSP,default,30,0.496,0.0119,0.4841,102.45816979962818
S011,CNN_SAE,CNN_SAE,default,10,0.8968,-0.0079,0.9047000000000001,99.12678235879297
S011,CNN_SAE,CNN_SAE,default,15,0.8532,0.0357,0.8175,104.36697247706421
S011,CNN_SAE,CNN_SAE,default,20,0.8651,0.0238,0.8412999999999999,102.82895518839892
S011,CNN_SAE,CNN_SAE,default,25,0.8849,0.004,0.8809,100.45408105346804
S011,CNN_SAE,CNN_SAE,default,30,0.8929,-0.004,0.8969,99.5540194001561
S011,EEGNET,EEGNET,default,10,0.9127,0.0,0.9127,100.0
S011,EEGNET,EEGNET,default,15,0.9246,-0.0119,0.9365,98.72931126534971
S011,EEGNET,EEGNET,default,20,0.9365,-0.0238,0.9603,97.52160783088618
S011,EEGNET,EEGNET,default,25,0.9127,0.0,0.9127,100.0
S011,EEGNET,EEGNET,default,30,0.9206,-0.0079,0.9285,99.14916532040927
S011,ACS_SE_CNN,ACS_SE_CNN,default,10,0.8254,0.0079,0.8175,100.9663608562691
S011,ACS_SE_CNN,ACS_SE_CNN,default,15,0.8056,0.0278,0.7777999999999999,103.57418359475443
S011,ACS_SE_CNN,ACS_SE_CNN,default,20,0.8056,0.0278,0.7777999999999999,103.57418359475443
S011,ACS_SE_CNN,ACS_SE_CNN,default,25,0.8413,-0.0079,0.8492000000000001,99.06971267074893
S011,ACS_SE_CNN,ACS_SE_CNN,default,30,0.8095,0.0238,0.7857,103.02914598447246
S011,G_CARM,G_CARM-ES,ES,10,0.6944,0.0159,0.6785,102.34340456890199
S011,G_CARM,G_CARM-ES,ES,15,0.6944,0.0159,0.6785,102.34340456890199
S011,G_CARM,G_CARM-ES,ES,20,0.7341,-0.0238,0.7579,96.85974402955534
S011,G_CARM,G_CARM-ES,ES,25,0.7381,-0.0278,0.7659,96.37028332680507
S011,G_CARM,G_CARM-ES,ES,30,0.7103,0.0,0.7103,100.0
S011,G_CARM,G_CARM-AS,AS,10,0.7222,-0.0119,0.7341,98.37896744312764
S011,G_CARM,G_CARM-AS,AS,15,0.6548,0.0556,0.5992000000000001,109.27903871829105
S011,G_CARM,G_CARM-AS,AS,20,0.6706,0.0397,0.6309,106.29259787605008
S011,G_CARM,G_CARM-AS,AS,25,0.7937,-0.0833,0.877,90.50171037628277
S011,G_CARM,G_CARM-AS,AS,30,0.75,-0.0397,0.7897,94.97277447131822
S014,FBCSP,FBCSP,default,10,0.7063,-0.0317,0.738,95.70460704607046
S014,FBCSP,FBCSP,default,15,0.7024,-0.0278,0.7302000000000001,96.19282388386743
S014,FBCSP,FBCSP,default,20,0.7024,-0.0278,0.7302000000000001,96.19282388386743
S014,FBCSP,FBCSP,default,25,0.7302,-0.0556,0.7857999999999999,92.92440824637312
S014,FBCSP,FBCSP,default,30,0.6746,0.0,0.6746,100.0
S014,CNN_SAE,CNN_SAE,default,10,0.881,-0.0278,0.9088,96.94102112676056
S014,CNN_SAE,CNN_SAE,default,15,0.877,-0.0238,0.9008,97.35790408525754
S014,CNN_SAE,CNN_SAE,default,20,0.873,-0.0198,0.8928,97.78225806451613
S014,CNN_SAE,CNN_SAE,default,25,0.881,-0.0278,0.9088,96.94102112676056
S014,CNN_SAE,CNN_SAE,default,30,0.8651,-0.0119,0.877,98.64310148232612
S014,EEGNET,EEGNET,default,10,0.9048,-0.0278,0.9326000000000001,97.01908642504826
S014,EEGNET,EEGNET,default,15,0.8968,-0.0198,0.9166000000000001,97.83984289766529
S014,EEGNET,EEGNET,default,20,0.881,-0.004,0.885,99.54802259887006
S014,EEGNET,EEGNET,default,25,0.8968,-0.0198,0.9166000000000001,97.83984289766529
S014,EEGNET,EEGNET,default,30,0.8929,-0.0159,0.9088,98.25044014084506
S014,ACS_SE_CNN,ACS_SE_CNN,default,10,0.8175,0.0079,0.8096,100.97579051383399
S014,ACS_SE_CNN,ACS_SE_CNN,default,15,0.8333,-0.0079,0.8412000000000001,99.06086543033761
S014,ACS_SE_CNN,ACS_SE_CNN,default,20,0.8254,0.0,0.8254,100.0
S014,ACS_SE_CNN,ACS_SE_CNN,default,25,0.8333,-0.0079,0.8412000000000001,99.06086543033761
S014,ACS_SE_CNN,ACS_SE_CNN,default,30,0.7976,0.0278,0.7697999999999999,103.61132761756302
S014,G_CARM,G_CARM-ES,ES,10,0.7143,0.004,0.7103,100.56314233422499
S014,G_CARM,G_CARM-ES,ES,15,0.7421,-0.0238,0.7659,96.89254471863167
S014,G_CARM,G_CARM-ES,ES,20,0.6984,0.0198,0.6786,102.91777188328912
S014,G_CARM,G_CARM-ES,ES,25,0.7183,0.0,0.7183,100.0
S014,G_CARM,G_CARM-ES,ES,30,0.7937,-0.0754,0.8691,91.32435853181453
S014,G_CARM,G_CARM-AS,AS,10,0.7659,-0.0476,0.8135,94.14874001229256
S014,G_CARM,G_CARM-AS,AS,15,0.8214,-0.1032,0.9246,88.83841661258923
S014,G_CARM,G_CARM-AS,AS,20,0.7698,-0.0516,0.8214,93.71804236669102
S014,G_CARM,G_CARM-AS,AS,25,0.7937,-0.0754,0.8691,91.32435853181453
S014,G_CARM,G_CARM-AS,AS,30,0.7857,-0.0675,0.8532,92.08860759493672
S015,FBCSP,FBCSP,default,10,0.8135,-0.0675,0.881,92.33825198637912
S015,FBCSP,FBCSP,default,15,0.8413,-0.0952,0.9365000000000001,89.83449012279765
S015,FBCSP,FBCSP,default,20,0.8333,-0.0873,0.9206000000000001,90.51705409515533
S015,FBCSP,FBCSP,default,25,0.8373,-0.0913,0.9286000000000001,90.16799483092828
S015,FBCSP,FBCSP,default,30,0.8413,-0.0952,0.9365000000000001,89.83449012279765
S015,CNN_SAE,CNN_SAE,default,10,0.8294,0.0159,0.8135,101.95451751690227
S015,CNN_SAE,CNN_SAE,default,15,0.8294,0.0159,0.8135,101.95451751690227
S015,CNN_SAE,CNN_SAE,default,20,0.8532,-0.0079,0.8611,99.08256880733944
S015,CNN_SAE,CNN_SAE,default,25,0.8611,-0.0159,0.877,98.18700114025086
S015,CNN_SAE,CNN_SAE,default,30,0.8651,-0.0198,0.8849,97.76245903491919
S015,EEGNET,EEGNET,default,10,0.8968,0.0159,0.8809,101.80497218753548
S015,EEGNET,EEGNET,default,15,0.9167,-0.004,0.9207,99.56554795264474
S015,EEGNET,EEGNET,default,20,0.9008,0.0119,0.8889,101.33873326583418
S015,EEGNET,EEGNET,default,25,0.9127,0.0,0.9127,100.0
S015,EEGNET,EEGNET,default,30,0.9325,-0.0198,0.9523,97.92082326997794
S015,ACS_SE_CNN,ACS_SE_CNN,default,10,0.8294,0.0198,0.8096,102.44565217391303
S015,ACS_SE_CNN,ACS_SE_CNN,default,15,0.8571,-0.0079,0.865,99.08670520231215
S015,ACS_SE_CNN,ACS_SE_CNN,default,20,0.8571,-0.0079,0.865,99.08670520231215
S015,ACS_SE_CNN,ACS_SE_CNN,default,25,0.8254,0.0238,0.8016,102.96906187624751
S015,ACS_SE_CNN,ACS_SE_CNN,default,30,0.8452,0.004,0.8412,100.4755111745126
S015,G_CARM,G_CARM-ES,ES,10,0.8413,0.0159,0.8254,101.92633874485098
S015,G_CARM,G_CARM-ES,ES,15,0.7857,0.0714,0.7142999999999999,109.99580008399832
S015,G_CARM,G_CARM-ES,ES,20,0.7778,0.0794,0.6984,111.368843069874
S015,G_CARM,G_CARM-ES,ES,25,0.8254,0.0317,0.7937000000000001,103.99395237495274
S015,G_CARM,G_CARM-ES,ES,30,0.8214,0.0357,0.7857000000000001,104.54371897670866
S015,G_CARM,G_CARM-AS,AS,10,0.8294,0.0278,0.8016,103.46806387225548
S015,G_CARM,G_CARM-AS,AS,15,0.8214,0.0357,0.7857000000000001,104.54371897670866
S015,G_CARM,G_CARM-AS,AS,20,0.8333,0.0238,0.8095,102.94008647313157
S015,G_CARM,G_CARM-AS,AS,25,0.8611,-0.004,0.8651,99.53762570801064
S015,G_CARM,G_CARM-AS,AS,30,0.8492,0.0079,0.8412999999999999,100.93902294068704
S016,FBCSP,FBCSP,default,10,0.7302,-0.1032,0.8333999999999999,87.61699064074875
S016,FBCSP,FBCSP,default,15,0.7103,-0.0833,0.7936000000000001,89.50352822580645
S016,FBCSP,FBCSP,default,20,0.6825,-0.0556,0.7381,92.46714537325566
S016,FBCSP,FBCSP,default,25,0.6508,-0.0238,0.6746000000000001,96.47198339756893
S016,FBCSP,FBCSP,default,30,0.6984,-0.0714,0.7698,90.72486360093531
S016,CNN_SAE,CNN_SAE,default,10,0.7738,-0.0198,0.7936000000000001,97.50504032258064
S016,CNN_SAE,CNN_SAE,default,15,0.75,0.004,0.746,100.53619302949062
S016,CNN_SAE,CNN_SAE,default,20,0.7579,-0.004,0.7619,99.47499671872949
S016,CNN_SAE,CNN_SAE,default,25,0.7659,-0.0119,0.7778,98.47004371303677
S016,CNN_SAE,CNN_SAE,default,30,0.7778,-0.0238,0.8016000000000001,97.03093812375249
S016,EEGNET,EEGNET,default,10,0.8095,0.0079,0.8016,100.98552894211576
S016,EEGNET,EEGNET,default,15,0.7857,0.0317,0.754,104.20424403183024
S016,EEGNET,EEGNET,default,20,0.7619,0.0556,0.7063,107.87200906130539
S016,EEGNET,EEGNET,default,25,0.7738,0.0437,0.7301000000000001,105.9854814408985
S016,EEGNET,EEGNET,default,30,0.7341,0.0833,0.6507999999999999,112.79963122311003
S016,ACS_SE_CNN,ACS_SE_CNN,default,10,0.7063,0.0397,0.6666000000000001,105.95559555955596
S016,ACS_SE_CNN,ACS_SE_CNN,default,15,0.7024,0.0437,0.6587000000000001,106.63427964171852
S016,ACS_SE_CNN,ACS_SE_CNN,default,20,0.7143,0.0317,0.6826000000000001,104.64400820392616
S016,ACS_SE_CNN,ACS_SE_CNN,default,25,0.7024,0.0437,0.6587000000000001,106.63427964171852
S016,ACS_SE_CNN,ACS_SE_CNN,default,30,0.75,-0.004,0.754,99.46949602122017
S016,G_CARM,G_CARM-ES,ES,10,0.7341,0.0476,0.6865,106.93372177713036
S016,G_CARM,G_CARM-ES,ES,15,0.7659,0.0159,0.75,102.12
S016,G_CARM,G_CARM-ES,ES,20,0.7778,0.004,0.7738,100.51692943913156
S016,G_CARM,G_CARM-ES,ES,25,0.7222,0.0595,0.6627,108.97842160857101
S016,G_CARM,G_CARM-ES,ES,30,0.7381,0.0437,0.6944,106.29320276497695
S016,G_CARM,G_CARM-AS,AS,10,0.7698,0.0119,0.7579,101.57012798522234
S016,G_CARM,G_CARM-AS,AS,15,0.7421,0.0397,0.7024,105.6520501138952
S016,G_CARM,G_CARM-AS,AS,20,0.7738,0.0079,0.7659,101.03146624885756
S016,G_CARM,G_CARM-AS,AS,25,0.754,0.0278,0.7262,103.82814651611127
S016,G_CARM,G_CARM-AS,AS,30,0.7778,0.004,0.7738,100.51692943913156
